{
  "meta":{
    "here": ["latmax", "latmin", "lonmax", "lonmin"],
    "redemet": ["latmax", "lonmax", "latmin", "lonmin", "centerlat", "centerlon"]
  },
  "bounds": {
    "al": [-12.574812, -19.763455, -36.853998, -44.357644],
    "ba": [-18.204166, -26.397223, -44.767776, -55.40222],
    "be": [2.1891668, -4.961389, -44.90361, -52.05611],
    "bv": [6.4319444, -0.7186111, -57.138332, -64.29833],
    "cn": [-27.7468, -34.988056, -48.32162, -57.0713],
    "ga": [-12.3539, -19.56054, -44.205883, -51.8167],
    "jr": [-16.642761, -23.830664, -50.54348, -58.22628],
    "mi": [-24.462, -31.758, -45.2529, -53.6805],
    "mn": [0.45055556, -6.7180557, -57.84611, -62.1475],
    "mo": [-5.937523, -13.126964, -32.079166, -39.385017],
    "mq": [3.6388888, -3.5119445, -47.550278, -54.679443],
    "nt": [-2.297928, -9.487619, -31.609165, -38.85183],
    "pc": [-18.828, -26.048384, -39.30158, -47.2829],
    "pl": [-5.75399, -12.943056, -36.884235, -44.18615],
    "pv": [-5.104722, -12.255278, -60.305832, -67.499725],
    "sf": [-12.382071, -19.570744, -40.880224, -48.376529],    
    "sg": [-25.5734, -32.809303, -50.839, -59.1897],
    "sl": [0.9833333, -6.16666667, -40.683333, -47.8166667],
    "st": [],
    "sn": [1.1683333, -5.98222, -51.258611, -58.375],
    "sr": [-19.967773, -27.190565, -43.063725, -51.12493],
    "sv": [-9.279524, -16.468622, -34.57107, -41.962654],
    "tf": [0.2186111, -6.923611, -61.15361, -68.26861],
    "tm": [-14.575716, -21.76402, -41.588943, -49.174824],
    "tt": [0.64694446, -7.8152776, -66.361115, -73.52695],
    "ua": [3.449722, -3.700833, -63.51, -70.638889],
    "cz": [-3.995233, -11.151588, -69.161088, -76.3912111]
  },
  "properties": {
    "name": "redemet",
    "scan": "maxcappi",
    "radius" : "400000",
    "levels" : [
      {
        "intensity": "Todas",
        "range_mmh": [0, 200],
        "range_dbz": [0, 75],
        "range_rgb": [[0, 0, 1], [255, 255, 255]],
        "range_hsv": [[0, 0, 1], [255, 255, 255]]
      }, 
      {
        "intensity": "M.Fraco",
        "range_mmh": [0,1],
        "range_dbz": [0,20],
        "range_rgb": [[0, 0, 246], [117, 255, 255]],
        "range_hsv": [[90, 0, 1], [120, 255, 255]]
      },
      {
        "intensity": "Fraco",
        "range_mmh": [1, 3],
        "range_dbz": [20, 30],
        "range_rgb": [[0, 153, 0], [0, 255, 0]],
        "range_hsv": [[38, 0, 1], [89, 255, 255]]
      },
      {
        "intensity": "Moderado",
        "range_mmh": [3, 25],
        "range_dbz": [30, 45],
        "range_rgb": [[255, 153, 0],[255, 255, 0]],
        "range_hsv": [[20, 0, 1], [37, 255, 255]]
      },
      {
        "intensity": "Forte",
        "range_mmh": [25, 100],
        "range_dbz": [45, 63],
        "range_rgb": [[100, 0, 1], [255, 0, 0]],
        "range_hsv": [[0, 0, 1], [19, 255, 255]]
      },
      {
        "intensity": "M.Forte",
        "range_mmh": [100, 200],
        "range_dbz": [63, 75],
        "range_rgb": [[255, 0, 255], [151, 88, 201]],
        "range_hsv": [[200, 0, 1], [240, 255, 255]]
      }
    ]
  }
}